[{"pk": 1, "model": "contenttypes.contenttype", "fields": {"model": "permission", "name": "permission", "app_label": "auth"}}, {"pk": 2, "model": "contenttypes.contenttype", "fields": {"model": "group", "name": "group", "app_label": "auth"}}, {"pk": 3, "model": "contenttypes.contenttype", "fields": {"model": "user", "name": "user", "app_label": "auth"}}, {"pk": 4, "model": "contenttypes.contenttype", "fields": {"model": "contenttype", "name": "content type", "app_label": "contenttypes"}}, {"pk": 5, "model": "contenttypes.contenttype", "fields": {"model": "session", "name": "session", "app_label": "sessions"}}, {"pk": 6, "model": "contenttypes.contenttype", "fields": {"model": "site", "name": "site", "app_label": "sites"}}, {"pk": 7, "model": "contenttypes.contenttype", "fields": {"model": "logentry", "name": "log entry", "app_label": "admin"}}, {"pk": 8, "model": "contenttypes.contenttype", "fields": {"model": "userprofile", "name": "user profile", "app_label": "discuss"}}, {"pk": 9, "model": "contenttypes.contenttype", "fields": {"model": "article", "name": "article", "app_label": "discuss"}}, {"pk": 10, "model": "contenttypes.contenttype", "fields": {"model": "discussion", "name": "discussion", "app_label": "discuss"}}, {"pk": 11, "model": "contenttypes.contenttype", "fields": {"model": "discussionstate", "name": "discussion state", "app_label": "discuss"}}, {"pk": 12, "model": "contenttypes.contenttype", "fields": {"model": "position", "name": "position", "app_label": "discuss"}}, {"pk": 13, "model": "contenttypes.contenttype", "fields": {"model": "context", "name": "context", "app_label": "discuss"}}, {"pk": 14, "model": "contenttypes.contenttype", "fields": {"model": "situational", "name": "situational", "app_label": "discuss"}}, {"pk": 15, "model": "contenttypes.contenttype", "fields": {"model": "freecomment", "name": "free comment", "app_label": "discuss"}}, {"pk": "7t3vdfb3vqo9a841vjc66xzcurqxei3r", "model": "sessions.session", "fields": {"expire_date": "2013-12-16T17:52:01.479Z", "session_data": "NTYxYzQzNzgwMzc3Y2NiMWIyM2I5MmRhYjc5ZWZkYzBiZjQxNDc3MTqAAn1xAShVEl9hdXRoX3VzZXJfYmFja2VuZHECVSlkamFuZ28uY29udHJpYi5hdXRoLmJhY2tlbmRzLk1vZGVsQmFja2VuZHEDVQ1fYXV0aF91c2VyX2lkcQRLBHUu"}}, {"pk": "q06we590pez8e4uh3ovhoqhukbrfbken", "model": "sessions.session", "fields": {"expire_date": "2013-12-15T23:20:22.031Z", "session_data": "YzQyN2MzNWNlY2Q2ZTZhMjBiNTAzZjNjNWEwZjhlNmY4ZmE3NWJlNjqAAn1xAShVEl9hdXRoX3VzZXJfYmFja2VuZHECVSlkamFuZ28uY29udHJpYi5hdXRoLmJhY2tlbmRzLk1vZGVsQmFja2VuZHEDVQ1fYXV0aF91c2VyX2lkcQRLAXUu"}}, {"pk": "tf0il54l0tm9d0bz0vdqc8lrnq3olus9", "model": "sessions.session", "fields": {"expire_date": "2013-12-15T22:15:23.556Z", "session_data": "YzQyN2MzNWNlY2Q2ZTZhMjBiNTAzZjNjNWEwZjhlNmY4ZmE3NWJlNjqAAn1xAShVEl9hdXRoX3VzZXJfYmFja2VuZHECVSlkamFuZ28uY29udHJpYi5hdXRoLmJhY2tlbmRzLk1vZGVsQmFja2VuZHEDVQ1fYXV0aF91c2VyX2lkcQRLAXUu"}}, {"pk": "uy4w1m5iij8d7fog2xgx1z4q60q4qiip", "model": "sessions.session", "fields": {"expire_date": "2013-12-16T17:43:26.950Z", "session_data": "ZjFhM2E4MzFhODM0ZGU4YTE1ZGIzN2Q2YzVmMzA1NTcxZjBiMDk5NDqAAn1xAShVEl9hdXRoX3VzZXJfYmFja2VuZHECVSlkamFuZ28uY29udHJpYi5hdXRoLmJhY2tlbmRzLk1vZGVsQmFja2VuZHEDVQ1fYXV0aF91c2VyX2lkcQRLA3Uu"}}, {"pk": 1, "model": "sites.site", "fields": {"domain": "example.com", "name": "example.com"}}, {"pk": 1, "model": "discuss.article", "fields": {"source": "fox news", "article_link": "http://www.foxnews.com/politics/2013/11/22/obamacare-forcing-people-into-medicaid/", "blurb": "One woman\u2019s demoralizing experience with the ObamaCare website, which her daughter documented in an article this week in The Wall Street Journal, is shining a light on how the health care law is forcing people into Medicaid even if they don\u2019t want it.", "title": "ObamaCare forcing people into Medicaid"}}, {"pk": 2, "model": "discuss.article", "fields": {"source": "new york times", "article_link": "http://douthat.blogs.nytimes.com/2013/11/15/what-obamacare-needs-now/?_r=0", "blurb": "\u2026 is not at all the same as what freaking-out Congressional Democrats think they need politically, and what the president tried to provide to them yesterday. That\u2019s because all of the \u201cif you like your plan, you keep your plan\u201d ideas in the wind right now, including the White House\u2019s pledge yesterday to allow/pressure insurers to temporarily extend plans that don\u2019t meet the new law\u2019s specifications, are likely to either do nothing meaningful at all to halt the flood of cancellations, or else exacerbate the threat to Obamacare\u2019s viability that the busted website has created, by siphoning off precisely the healthy, lower-risk enrollees the new system needs to be sustainable.", "title": "What Obamacare Needs Now..."}}, {"pk": 3, "model": "discuss.article", "fields": {"source": "BBC News", "article_link": "http://www.bbc.co.uk/news/world-us-canada-24935580", "blurb": "President Obama's signature achievement, the Affordable Care Act, is causing him massive political trouble.\r\n\r\nHis latest ratings are his worst ever - one poll suggests 52% of Americans say they don't trust him.\r\n\r\nDemocrats from Congress, in what's been described as a heated meeting at the White House, have demanded change.\r\n\r\nAnd Bill Clinton has weighed in, suggesting the law needs to be altered.\r\n\r\nThis is significant. It is one thing if your enemies attack you. If your allies join in because they are frightened it will damage them and their cause, it is quite another.", "title": " 'Obamacare' dragging down president"}}, {"pk": 4, "model": "discuss.article", "fields": {"source": "CNN", "article_link": "http://www.cnn.com/2013/11/22/politics/obamacare-subsidies/", "blurb": "Washington (CNN) -- One of the basic tenets of Obamacare is that the government will help lower-income Americans -- anyone making less than about $45,900 a year -- pay for the health insurance everyone is now mandated to have.", "title": "CNN analysis: No Obamacare subsidy for some low-income Americans"}}, {"pk": 1, "model": "discuss.discussionstate", "fields": {"state": "free", "finished": false, "discuss": 3}}, {"pk": 2, "model": "discuss.discussionstate", "fields": {"state": "free", "finished": false, "discuss": 4}}, {"pk": 3, "model": "discuss.discussionstate", "fields": {"state": "free", "finished": false, "discuss": 2}}, {"pk": 4, "model": "discuss.discussionstate", "fields": {"state": "free", "finished": false, "discuss": 1}}, {"pk": 1, "model": "auth.permission", "fields": {"codename": "add_permission", "name": "Can add permission", "content_type": 1}}, {"pk": 2, "model": "auth.permission", "fields": {"codename": "change_permission", "name": "Can change permission", "content_type": 1}}, {"pk": 3, "model": "auth.permission", "fields": {"codename": "delete_permission", "name": "Can delete permission", "content_type": 1}}, {"pk": 4, "model": "auth.permission", "fields": {"codename": "add_group", "name": "Can add group", "content_type": 2}}, {"pk": 5, "model": "auth.permission", "fields": {"codename": "change_group", "name": "Can change group", "content_type": 2}}, {"pk": 6, "model": "auth.permission", "fields": {"codename": "delete_group", "name": "Can delete group", "content_type": 2}}, {"pk": 7, "model": "auth.permission", "fields": {"codename": "add_user", "name": "Can add user", "content_type": 3}}, {"pk": 8, "model": "auth.permission", "fields": {"codename": "change_user", "name": "Can change user", "content_type": 3}}, {"pk": 9, "model": "auth.permission", "fields": {"codename": "delete_user", "name": "Can delete user", "content_type": 3}}, {"pk": 10, "model": "auth.permission", "fields": {"codename": "add_contenttype", "name": "Can add content type", "content_type": 4}}, {"pk": 11, "model": "auth.permission", "fields": {"codename": "change_contenttype", "name": "Can change content type", "content_type": 4}}, {"pk": 12, "model": "auth.permission", "fields": {"codename": "delete_contenttype", "name": "Can delete content type", "content_type": 4}}, {"pk": 13, "model": "auth.permission", "fields": {"codename": "add_session", "name": "Can add session", "content_type": 5}}, {"pk": 14, "model": "auth.permission", "fields": {"codename": "change_session", "name": "Can change session", "content_type": 5}}, {"pk": 15, "model": "auth.permission", "fields": {"codename": "delete_session", "name": "Can delete session", "content_type": 5}}, {"pk": 16, "model": "auth.permission", "fields": {"codename": "add_site", "name": "Can add site", "content_type": 6}}, {"pk": 17, "model": "auth.permission", "fields": {"codename": "change_site", "name": "Can change site", "content_type": 6}}, {"pk": 18, "model": "auth.permission", "fields": {"codename": "delete_site", "name": "Can delete site", "content_type": 6}}, {"pk": 19, "model": "auth.permission", "fields": {"codename": "add_logentry", "name": "Can add log entry", "content_type": 7}}, {"pk": 20, "model": "auth.permission", "fields": {"codename": "change_logentry", "name": "Can change log entry", "content_type": 7}}, {"pk": 21, "model": "auth.permission", "fields": {"codename": "delete_logentry", "name": "Can delete log entry", "content_type": 7}}, {"pk": 22, "model": "auth.permission", "fields": {"codename": "add_userprofile", "name": "Can add user profile", "content_type": 8}}, {"pk": 23, "model": "auth.permission", "fields": {"codename": "change_userprofile", "name": "Can change user profile", "content_type": 8}}, {"pk": 24, "model": "auth.permission", "fields": {"codename": "delete_userprofile", "name": "Can delete user profile", "content_type": 8}}, {"pk": 25, "model": "auth.permission", "fields": {"codename": "add_article", "name": "Can add article", "content_type": 9}}, {"pk": 26, "model": "auth.permission", "fields": {"codename": "change_article", "name": "Can change article", "content_type": 9}}, {"pk": 27, "model": "auth.permission", "fields": {"codename": "delete_article", "name": "Can delete article", "content_type": 9}}, {"pk": 28, "model": "auth.permission", "fields": {"codename": "add_discussion", "name": "Can add discussion", "content_type": 10}}, {"pk": 29, "model": "auth.permission", "fields": {"codename": "change_discussion", "name": "Can change discussion", "content_type": 10}}, {"pk": 30, "model": "auth.permission", "fields": {"codename": "delete_discussion", "name": "Can delete discussion", "content_type": 10}}, {"pk": 31, "model": "auth.permission", "fields": {"codename": "add_discussionstate", "name": "Can add discussion state", "content_type": 11}}, {"pk": 32, "model": "auth.permission", "fields": {"codename": "change_discussionstate", "name": "Can change discussion state", "content_type": 11}}, {"pk": 33, "model": "auth.permission", "fields": {"codename": "delete_discussionstate", "name": "Can delete discussion state", "content_type": 11}}, {"pk": 34, "model": "auth.permission", "fields": {"codename": "add_position", "name": "Can add position", "content_type": 12}}, {"pk": 35, "model": "auth.permission", "fields": {"codename": "change_position", "name": "Can change position", "content_type": 12}}, {"pk": 36, "model": "auth.permission", "fields": {"codename": "delete_position", "name": "Can delete position", "content_type": 12}}, {"pk": 37, "model": "auth.permission", "fields": {"codename": "add_context", "name": "Can add context", "content_type": 13}}, {"pk": 38, "model": "auth.permission", "fields": {"codename": "change_context", "name": "Can change context", "content_type": 13}}, {"pk": 39, "model": "auth.permission", "fields": {"codename": "delete_context", "name": "Can delete context", "content_type": 13}}, {"pk": 40, "model": "auth.permission", "fields": {"codename": "add_situational", "name": "Can add situational", "content_type": 14}}, {"pk": 41, "model": "auth.permission", "fields": {"codename": "change_situational", "name": "Can change situational", "content_type": 14}}, {"pk": 42, "model": "auth.permission", "fields": {"codename": "delete_situational", "name": "Can delete situational", "content_type": 14}}, {"pk": 43, "model": "auth.permission", "fields": {"codename": "add_freecomment", "name": "Can add free comment", "content_type": 15}}, {"pk": 44, "model": "auth.permission", "fields": {"codename": "change_freecomment", "name": "Can change free comment", "content_type": 15}}, {"pk": 45, "model": "auth.permission", "fields": {"codename": "delete_freecomment", "name": "Can delete free comment", "content_type": 15}}, {"pk": 1, "model": "auth.user", "fields": {"username": "jtsay", "first_name": "", "last_name": "", "is_active": true, "is_superuser": true, "is_staff": true, "last_login": "2013-12-01T23:20:21.932Z", "groups": [], "user_permissions": [], "password": "pbkdf2_sha256$10000$eDM31ArdawHH$9D6Byu7ITguiZneCiRxpAUoB6gkd/Fdnc+YyBPdLyAw=", "email": "jtsay@cs.cmu.edu", "date_joined": "2013-12-01T22:14:13.839Z"}}, {"pk": 2, "model": "auth.user", "fields": {"username": "cassie", "first_name": "", "last_name": "", "is_active": true, "is_superuser": false, "is_staff": false, "last_login": "2013-12-02T17:46:06.460Z", "groups": [], "user_permissions": [], "password": "pbkdf2_sha256$10000$P8eAmDibo5CH$ueFv51wcaBPkpdysAMOKbHWRE1ZpKdQUT5/oBTEuhP4=", "email": "", "date_joined": "2013-12-01T22:15:35.110Z"}}, {"pk": 3, "model": "auth.user", "fields": {"username": "mike", "first_name": "", "last_name": "", "is_active": true, "is_superuser": false, "is_staff": false, "last_login": "2013-12-02T17:45:59.953Z", "groups": [], "user_permissions": [], "password": "pbkdf2_sha256$10000$Qsu8saMNjqXA$d29WO/FiQH5JkWTcumFQms4Xw6GqOs8mw+KMtJutmDU=", "email": "", "date_joined": "2013-12-01T22:15:53.668Z"}}, {"pk": 4, "model": "auth.user", "fields": {"username": "shandra", "first_name": "", "last_name": "", "is_active": true, "is_superuser": false, "is_staff": false, "last_login": "2013-12-02T17:52:01.430Z", "groups": [], "user_permissions": [], "password": "pbkdf2_sha256$10000$GdJ9QrXarW5q$JuAwZ++kWliczT1TuDA89xqK9vLfyXbwtxXM221zD+Q=", "email": "", "date_joined": "2013-12-01T22:16:15.054Z"}}, {"pk": 5, "model": "auth.user", "fields": {"username": "junho", "first_name": "", "last_name": "", "is_active": true, "is_superuser": false, "is_staff": false, "last_login": "2013-12-02T05:21:54.642Z", "groups": [], "user_permissions": [], "password": "pbkdf2_sha256$10000$76ECKr3RfpIa$Xo52iIifSeVd5aK7orhxiKS3FBnne/I3TV3z1KUQ6Mc=", "email": "", "date_joined": "2013-12-01T22:16:28.901Z"}}, {"pk": 6, "model": "auth.user", "fields": {"username": "tyson", "first_name": "", "last_name": "", "is_active": true, "is_superuser": false, "is_staff": false, "last_login": "2013-12-02T17:42:33.360Z", "groups": [], "user_permissions": [], "password": "pbkdf2_sha256$10000$JJGflLclWGcr$cQcPPKWx4PASNuUJlkeKarRmNdtdZlDvVsyS4C1qYQg=", "email": "", "date_joined": "2013-12-02T17:42:32.785Z"}}, {"pk": 1, "model": "admin.logentry", "fields": {"action_flag": 1, "action_time": "2013-12-01T22:15:35.215Z", "object_repr": "cassie", "object_id": "2", "change_message": "", "user": 1, "content_type": 3}}, {"pk": 2, "model": "admin.logentry", "fields": {"action_flag": 1, "action_time": "2013-12-01T22:15:47.530Z", "object_repr": "cassie", "object_id": "1", "change_message": "", "user": 1, "content_type": 8}}, {"pk": 3, "model": "admin.logentry", "fields": {"action_flag": 1, "action_time": "2013-12-01T22:15:53.774Z", "object_repr": "mike", "object_id": "3", "change_message": "", "user": 1, "content_type": 3}}, {"pk": 4, "model": "admin.logentry", "fields": {"action_flag": 1, "action_time": "2013-12-01T22:16:05.714Z", "object_repr": "mike", "object_id": "2", "change_message": "", "user": 1, "content_type": 8}}, {"pk": 5, "model": "admin.logentry", "fields": {"action_flag": 1, "action_time": "2013-12-01T22:16:15.158Z", "object_repr": "shandra", "object_id": "4", "change_message": "", "user": 1, "content_type": 3}}, {"pk": 6, "model": "admin.logentry", "fields": {"action_flag": 1, "action_time": "2013-12-01T22:16:22.514Z", "object_repr": "shandra", "object_id": "3", "change_message": "", "user": 1, "content_type": 8}}, {"pk": 7, "model": "admin.logentry", "fields": {"action_flag": 1, "action_time": "2013-12-01T22:16:29.005Z", "object_repr": "junho", "object_id": "5", "change_message": "", "user": 1, "content_type": 3}}, {"pk": 8, "model": "admin.logentry", "fields": {"action_flag": 1, "action_time": "2013-12-01T22:16:38.898Z", "object_repr": "junho", "object_id": "4", "change_message": "", "user": 1, "content_type": 8}}, {"pk": 9, "model": "admin.logentry", "fields": {"action_flag": 1, "action_time": "2013-12-01T22:16:49.813Z", "object_repr": "cassie:mike", "object_id": "1", "change_message": "", "user": 1, "content_type": 10}}, {"pk": 10, "model": "admin.logentry", "fields": {"action_flag": 1, "action_time": "2013-12-01T22:17:05.253Z", "object_repr": "mike:cassie", "object_id": "2", "change_message": "", "user": 1, "content_type": 10}}, {"pk": 11, "model": "admin.logentry", "fields": {"action_flag": 1, "action_time": "2013-12-01T22:17:09.542Z", "object_repr": "shandra:junho", "object_id": "3", "change_message": "", "user": 1, "content_type": 10}}, {"pk": 12, "model": "admin.logentry", "fields": {"action_flag": 1, "action_time": "2013-12-01T22:17:14.189Z", "object_repr": "junho:shandra", "object_id": "4", "change_message": "", "user": 1, "content_type": 10}}, {"pk": 13, "model": "admin.logentry", "fields": {"action_flag": 1, "action_time": "2013-12-01T22:45:50.870Z", "object_repr": "http://www.foxnews.com/politics/2013/11/22/obamacare-forcing-people-into-medicaid/", "object_id": "1", "change_message": "", "user": 1, "content_type": 9}}, {"pk": 14, "model": "admin.logentry", "fields": {"action_flag": 1, "action_time": "2013-12-01T22:46:06.631Z", "object_repr": "http://douthat.blogs.nytimes.com/2013/11/15/what-obamacare-needs-now/?_r=0", "object_id": "2", "change_message": "", "user": 1, "content_type": 9}}, {"pk": 15, "model": "admin.logentry", "fields": {"action_flag": 1, "action_time": "2013-12-01T22:47:23.510Z", "object_repr": "http://www.bbc.co.uk/news/world-us-canada-24935580", "object_id": "3", "change_message": "", "user": 1, "content_type": 9}}, {"pk": 16, "model": "admin.logentry", "fields": {"action_flag": 1, "action_time": "2013-12-01T22:47:58.582Z", "object_repr": "http://www.cnn.com/2013/11/22/politics/obamacare-subsidies/", "object_id": "4", "change_message": "", "user": 1, "content_type": 9}}, {"pk": 17, "model": "admin.logentry", "fields": {"action_flag": 2, "action_time": "2013-12-01T22:48:03.529Z", "object_repr": "http://www.cnn.com/2013/11/22/politics/obamacare-subsidies/", "object_id": "4", "change_message": "No fields changed.", "user": 1, "content_type": 9}}, {"pk": 18, "model": "admin.logentry", "fields": {"action_flag": 2, "action_time": "2013-12-01T22:51:00.698Z", "object_repr": "junho:shandra", "object_id": "4", "change_message": "No fields changed.", "user": 1, "content_type": 10}}, {"pk": 19, "model": "admin.logentry", "fields": {"action_flag": 2, "action_time": "2013-12-01T22:51:05.594Z", "object_repr": "shandra:junho", "object_id": "3", "change_message": "Changed state.", "user": 1, "content_type": 10}}, {"pk": 20, "model": "admin.logentry", "fields": {"action_flag": 2, "action_time": "2013-12-01T23:16:12.009Z", "object_repr": "shandra:junho", "object_id": "3", "change_message": "Changed state.", "user": 1, "content_type": 10}}, {"pk": 21, "model": "admin.logentry", "fields": {"action_flag": 2, "action_time": "2013-12-01T23:20:49.465Z", "object_repr": "shandra:junho", "object_id": "3", "change_message": "Changed state.", "user": 1, "content_type": 10}}, {"pk": 22, "model": "admin.logentry", "fields": {"action_flag": 2, "action_time": "2013-12-02T05:25:18.034Z", "object_repr": "shandra:junho", "object_id": "3", "change_message": "Changed animalColor.", "user": 1, "content_type": 10}}, {"pk": 23, "model": "admin.logentry", "fields": {"action_flag": 2, "action_time": "2013-12-02T05:25:27.438Z", "object_repr": "shandra:junho", "object_id": "3", "change_message": "Changed animalColor.", "user": 1, "content_type": 10}}, {"pk": 24, "model": "admin.logentry", "fields": {"action_flag": 2, "action_time": "2013-12-02T05:36:15.670Z", "object_repr": "junho:shandra", "object_id": "4", "change_message": "Changed animal.", "user": 1, "content_type": 10}}, {"pk": 25, "model": "admin.logentry", "fields": {"action_flag": 2, "action_time": "2013-12-02T05:37:44.893Z", "object_repr": "junho:shandra", "object_id": "4", "change_message": "Changed animal.", "user": 1, "content_type": 10}}, {"pk": 26, "model": "admin.logentry", "fields": {"action_flag": 2, "action_time": "2013-12-02T06:11:12.084Z", "object_repr": "junho:shandra:position", "object_id": "2", "change_message": "Changed state.", "user": 1, "content_type": 11}}, {"pk": 27, "model": "admin.logentry", "fields": {"action_flag": 2, "action_time": "2013-12-02T06:11:17.613Z", "object_repr": "shandra:junho:position", "object_id": "1", "change_message": "Changed state.", "user": 1, "content_type": 11}}, {"pk": 28, "model": "admin.logentry", "fields": {"action_flag": 2, "action_time": "2013-12-02T06:17:25.037Z", "object_repr": "junho:shandra:position", "object_id": "2", "change_message": "Changed state.", "user": 1, "content_type": 11}}, {"pk": 29, "model": "admin.logentry", "fields": {"action_flag": 2, "action_time": "2013-12-02T06:17:29.004Z", "object_repr": "shandra:junho:position", "object_id": "1", "change_message": "Changed state.", "user": 1, "content_type": 11}}, {"pk": 30, "model": "admin.logentry", "fields": {"action_flag": 3, "action_time": "2013-12-02T06:46:18.889Z", "object_repr": "junho:shandra:free", "object_id": "2", "change_message": "", "user": 1, "content_type": 11}}, {"pk": 31, "model": "admin.logentry", "fields": {"action_flag": 3, "action_time": "2013-12-02T06:46:18.954Z", "object_repr": "shandra:junho:free", "object_id": "1", "change_message": "", "user": 1, "content_type": 11}}, {"pk": 32, "model": "admin.logentry", "fields": {"action_flag": 2, "action_time": "2013-12-02T06:46:24.789Z", "object_repr": "junho:shandra", "object_id": "4", "change_message": "Changed state.", "user": 1, "content_type": 10}}, {"pk": 33, "model": "admin.logentry", "fields": {"action_flag": 2, "action_time": "2013-12-02T06:46:29.882Z", "object_repr": "junho:shandra", "object_id": "4", "change_message": "Changed articleA, articleB, animal and animalColor.", "user": 1, "content_type": 10}}, {"pk": 34, "model": "admin.logentry", "fields": {"action_flag": 2, "action_time": "2013-12-02T06:46:38.035Z", "object_repr": "shandra:junho", "object_id": "3", "change_message": "Changed articleA, articleB, animal, animalColor and state.", "user": 1, "content_type": 10}}, {"pk": 35, "model": "admin.logentry", "fields": {"action_flag": 2, "action_time": "2013-12-02T08:10:57.517Z", "object_repr": "junho:shandra:free", "object_id": "2", "change_message": "Changed finished.", "user": 1, "content_type": 11}}, {"pk": 36, "model": "admin.logentry", "fields": {"action_flag": 2, "action_time": "2013-12-02T08:11:00.327Z", "object_repr": "shandra:junho:free", "object_id": "1", "change_message": "Changed finished.", "user": 1, "content_type": 11}}, {"pk": 37, "model": "admin.logentry", "fields": {"action_flag": 3, "action_time": "2013-12-02T08:15:00.075Z", "object_repr": "junho:shandra:free", "object_id": "2", "change_message": "", "user": 1, "content_type": 11}}, {"pk": 38, "model": "admin.logentry", "fields": {"action_flag": 3, "action_time": "2013-12-02T08:15:00.134Z", "object_repr": "shandra:junho:free", "object_id": "1", "change_message": "", "user": 1, "content_type": 11}}, {"pk": 39, "model": "admin.logentry", "fields": {"action_flag": 2, "action_time": "2013-12-02T08:15:09.907Z", "object_repr": "junho:shandra", "object_id": "4", "change_message": "Changed articleA, articleB, animal, animalColor and state.", "user": 1, "content_type": 10}}, {"pk": 40, "model": "admin.logentry", "fields": {"action_flag": 2, "action_time": "2013-12-02T08:15:16.821Z", "object_repr": "shandra:junho", "object_id": "3", "change_message": "Changed articleA, articleB, animal, animalColor and state.", "user": 1, "content_type": 10}}, {"pk": 41, "model": "admin.logentry", "fields": {"action_flag": 2, "action_time": "2013-12-02T09:32:26.157Z", "object_repr": "junho:shandra:situational", "object_id": "2", "change_message": "Changed state.", "user": 1, "content_type": 11}}, {"pk": 42, "model": "admin.logentry", "fields": {"action_flag": 2, "action_time": "2013-12-02T09:32:30.630Z", "object_repr": "shandra:junho:situational", "object_id": "1", "change_message": "Changed state.", "user": 1, "content_type": 11}}, {"pk": 43, "model": "admin.logentry", "fields": {"action_flag": 2, "action_time": "2013-12-02T09:52:11.271Z", "object_repr": "shandra:junho:situational", "object_id": "1", "change_message": "Changed finished.", "user": 1, "content_type": 11}}, {"pk": 44, "model": "admin.logentry", "fields": {"action_flag": 2, "action_time": "2013-12-02T09:53:01.145Z", "object_repr": "shandra:junho:situational", "object_id": "1", "change_message": "Changed finished.", "user": 1, "content_type": 11}}, {"pk": 45, "model": "admin.logentry", "fields": {"action_flag": 3, "action_time": "2013-12-02T17:23:27.940Z", "object_repr": "test", "object_id": "6", "change_message": "", "user": 1, "content_type": 3}}, {"pk": 46, "model": "admin.logentry", "fields": {"action_flag": 3, "action_time": "2013-12-02T17:29:24.508Z", "object_repr": "asdf", "object_id": "6", "change_message": "", "user": 1, "content_type": 3}}, {"pk": 47, "model": "admin.logentry", "fields": {"action_flag": 3, "action_time": "2013-12-02T17:30:47.732Z", "object_repr": "asdf", "object_id": "6", "change_message": "", "user": 1, "content_type": 3}}, {"pk": 48, "model": "admin.logentry", "fields": {"action_flag": 3, "action_time": "2013-12-02T17:41:55.644Z", "object_repr": "asdfasdf", "object_id": "6", "change_message": "", "user": 1, "content_type": 3}}, {"pk": 1, "model": "discuss.userprofile", "fields": {"gender": "female", "age": 20, "political": "kinda liberal", "user": 2}}, {"pk": 2, "model": "discuss.userprofile", "fields": {"gender": "male", "age": 42, "political": "very conservative", "user": 3}}, {"pk": 3, "model": "discuss.userprofile", "fields": {"gender": "female", "age": 26, "political": "meh", "user": 4}}, {"pk": 4, "model": "discuss.userprofile", "fields": {"gender": "male", "age": 35, "political": "somewhat conservative", "user": 5}}, {"pk": 5, "model": "discuss.userprofile", "fields": {"gender": "pugilist", "age": 45, "political": "my fists", "user": 6}}, {"pk": 1, "model": "discuss.discussion", "fields": {"animal": "tiger", "articleB": 1, "state": "discuss", "articleA": 2, "userB": 3, "animalColor": "#88288B", "userA": 2}}, {"pk": 2, "model": "discuss.discussion", "fields": {"animal": "parrot", "articleB": 2, "state": "discuss", "articleA": 1, "userB": 2, "animalColor": "#F7D11B", "userA": 3}}, {"pk": 3, "model": "discuss.discussion", "fields": {"animal": "parrot", "articleB": 4, "state": "discuss", "articleA": 4, "userB": 5, "animalColor": "#C4029B", "userA": 4}}, {"pk": 4, "model": "discuss.discussion", "fields": {"animal": "giraffe", "articleB": 4, "state": "discuss", "articleA": 4, "userB": 4, "animalColor": "#34F8F2", "userA": 5}}, {"pk": 1, "model": "discuss.position", "fields": {"answer4": 4, "answer1": 4, "answer3": 4, "answer2": 4, "user": 4, "discuss": 3}}, {"pk": 2, "model": "discuss.position", "fields": {"answer4": 4, "answer1": 4, "answer3": 4, "answer2": 4, "user": 5, "discuss": 4}}, {"pk": 3, "model": "discuss.position", "fields": {"answer4": 4, "answer1": 4, "answer3": 4, "answer2": 4, "user": 3, "discuss": 2}}, {"pk": 4, "model": "discuss.position", "fields": {"answer4": 4, "answer1": 4, "answer3": 4, "answer2": 4, "user": 2, "discuss": 1}}, {"pk": 1, "model": "discuss.context", "fields": {"answer2": 4, "answer1": 4, "user": 4, "answer3": 4, "discuss": 3}}, {"pk": 2, "model": "discuss.context", "fields": {"answer2": 4, "answer1": 4, "user": 5, "answer3": 4, "discuss": 4}}, {"pk": 3, "model": "discuss.context", "fields": {"answer2": 4, "answer1": 4, "user": 3, "answer3": 4, "discuss": 2}}, {"pk": 4, "model": "discuss.context", "fields": {"answer2": 4, "answer1": 4, "user": 2, "answer3": 4, "discuss": 1}}, {"pk": 1, "model": "discuss.situational", "fields": {"answer": "world war z", "text": "zombies. motherfucking zombies. that's why.", "user": 4, "option": "book", "discuss": 3}}, {"pk": 2, "model": "discuss.situational", "fields": {"answer": "obama", "text": "thanks obama", "user": 5, "option": "person", "discuss": 4}}, {"pk": 3, "model": "discuss.situational", "fields": {"answer": "asdfasd", "text": "asdfasdf", "user": 3, "option": "person", "discuss": 2}}, {"pk": 4, "model": "discuss.situational", "fields": {"answer": "asdfasdf", "text": "asdfas", "user": 2, "option": "book", "discuss": 1}}, {"pk": 1, "model": "discuss.freecomment", "fields": {"text": "test", "time": "2013-12-02T06:28:02.342Z", "user": 4, "discuss": 3}}, {"pk": 2, "model": "discuss.freecomment", "fields": {"text": "Look, just because I don't be givin' no man a foot massage don't make it right for Marsellus to throw Antwone into a glass motherfuckin' house, fuckin' up the way the nigger talks. Motherfucker do that shit to me, he better paralyze my ass, 'cause I'll kill the motherfucker, know what I'm sayin'?", "time": "2013-12-02T07:17:22.696Z", "user": 4, "discuss": 3}}, {"pk": 3, "model": "discuss.freecomment", "fields": {"text": "You think water moves fast? You should see ice. It moves like it has a mind. Like it knows it killed the world once and got a taste for murder. After the avalanche, it took us a week to climb out. Now, I don't know exactly when we turned on each other, but I know that seven of us survived the slide... and only five made it out. Now we took an oath, that I'm breaking now. We said we'd say it was the snow that killed the other two, but it wasn't. Nature is lethal but it doesn't hold a candle to man.\r\n\r\nNormally, both your asses would be dead as fucking fried chicken, but you happen to pull this shit while I'm in a transitional period so I don't wanna kill you, I wanna help you. But I can't give you this case, it don't belong to me. Besides, I've already been through too much shit this morning over this case to hand it over to your dumb ass.", "time": "2013-12-02T07:21:26.051Z", "user": 5, "discuss": 4}}, {"pk": 4, "model": "discuss.freecomment", "fields": {"text": "ohohoho", "time": "2013-12-02T07:40:00.986Z", "user": 4, "discuss": 3}}, {"pk": 5, "model": "discuss.freecomment", "fields": {"text": "my coding is kinda sick", "time": "2013-12-02T07:40:10.373Z", "user": 5, "discuss": 4}}, {"pk": 6, "model": "discuss.freecomment", "fields": {"text": "hahaha", "time": "2013-12-02T07:45:40.620Z", "user": 4, "discuss": 3}}, {"pk": 7, "model": "discuss.freecomment", "fields": {"text": "sick\n", "time": "2013-12-02T07:50:15.643Z", "user": 4, "discuss": 3}}, {"pk": 8, "model": "discuss.freecomment", "fields": {"text": "ohoo", "time": "2013-12-02T07:50:26.478Z", "user": 5, "discuss": 4}}, {"pk": 9, "model": "discuss.freecomment", "fields": {"text": "hey", "time": "2013-12-02T08:07:22.981Z", "user": 4, "discuss": 3}}, {"pk": 10, "model": "discuss.freecomment", "fields": {"text": "test", "time": "2013-12-02T08:12:17.238Z", "user": 4, "discuss": 3}}, {"pk": 11, "model": "discuss.freecomment", "fields": {"text": "test", "time": "2013-12-02T08:12:57.838Z", "user": 4, "discuss": 3}}, {"pk": 12, "model": "discuss.freecomment", "fields": {"text": "hey there", "time": "2013-12-02T08:13:12.610Z", "user": 5, "discuss": 4}}, {"pk": 13, "model": "discuss.freecomment", "fields": {"text": "hey, baby", "time": "2013-12-02T08:13:26.742Z", "user": 4, "discuss": 3}}, {"pk": 14, "model": "discuss.freecomment", "fields": {"text": "how's it going?", "time": "2013-12-02T08:13:34.624Z", "user": 5, "discuss": 4}}]